<ConsultarNfseRpsResposta xmlns:xsi="http://www.w3.org/2001/XMLSchema-instance" xmlns:xsd="http://www.w3.org/2001/XMLSchema" xmlns="http://www.abrasf.org.br/ABRASF/arquivos/nfse.xsd">
	<CompNfse>
		<Nfse>
			<InfNfse>
				<Numero>20</Numero>
				<CodigoVerificacao>AWA5-PGCP</CodigoVerificacao>
				<DataEmissao>2010-01-01T21:00:00</DataEmissao>
				<IdentificacaoRps>
					<Numero>1</Numero>
					<Serie>ABC</Serie>
					<Tipo>1</Tipo>
				</IdentificacaoRps>
				<DataEmissaoRps>2010-01-01</DataEmissaoRps>
				<NaturezaOperacao>1</NaturezaOperacao>
				<OptanteSimplesNacional>2</OptanteSimplesNacional>
				<IncentivadorCultural>2</IncentivadorCultural>
				<Competencia>2010-01-01T21:05:00</Competencia>
				<Servico>
					<Valores>
						<ValorServicos>1000</ValorServicos>
						<ValorPis>10</ValorPis>
						<ValorCofins>10</ValorCofins>
						<ValorInss>10</ValorInss>
						<ValorIr>10</ValorIr>
						<ValorCsll>10</ValorCsll>
						<IssRetido>2</IssRetido>
						<ValorIss>49.5</ValorIss>
						<OutrasRetencoes>10</OutrasRetencoes>
						<Aliquota>0.05</Aliquota>
						<DescontoIncondicionado>10</DescontoIncondicionado>
						<DescontoCondicionado>10</DescontoCondicionado>
						<ValorLiquidoNfse>990</ValorLiquidoNfse>
					</Valores>
					<ItemListaServico>0102</ItemListaServico>
					<CodigoTributacaoMunicipio>010201</CodigoTributacaoMunicipio>
					<Discriminacao>Teste</Discriminacao>
					<CodigoMunicipio>3304557</CodigoMunicipio>
				</Servico>
				<PrestadorServico>
					<IdentificacaoPrestador>
						<Cnpj>04642554000143</Cnpj>
						<InscricaoMunicipal>2994275</InscricaoMunicipal>
					</IdentificacaoPrestador>
					<RazaoSocial>TIPLAN - CONSULTORIA E SERVICOS EM INFORMATICA LTDA</RazaoSocial>
					<NomeFantasia>TIPLAN</NomeFantasia>
					<Endereco>
						<Endereco>AVN RIO BRANCO</Endereco>
						<Numero>1</Numero>
						<Complemento>1</Complemento>
						<Bairro>CENTRO</Bairro>
						<CodigoMunicipio>3304557</CodigoMunicipio>
						<Uf>RJ</Uf>
						<Cep>20040001</Cep>
					</Endereco>
					<Contato>
						<Telefone>22225555</Telefone>
					</Contato>
				</PrestadorServico>
				<TomadorServico>
					<IdentificacaoTomador>
						<CpfCnpj><Cnpj>99999999000191</Cnpj></CpfCnpj>
					</IdentificacaoTomador>
					<RazaoSocial>INSCRICAO DE TESTE</RazaoSocial>
           					<Endereco>
				              <Endereco>AV RIO BRANCO</Endereco>
				              <Numero>12345</Numero>
				              <Complemento>SALA 1001 1002</Complemento>
				              <Bairro>CENTRO</Bairro>
				              <CodigoMunicipio>3304557</CodigoMunicipio>
				              <Uf>RJ</Uf>
				              <Cep>20040001</Cep>
				        </Endereco>
					<Contato>
						<Telefone>21 1234-567</Telefone>
						<Email>email@empresa.com.br</Email>
					</Contato>
				</TomadorServico>
				<OrgaoGerador>
					<CodigoMunicipio>3304557</CodigoMunicipio>
					<Uf>RJ</Uf>
				</OrgaoGerador>
			</InfNfse>
		</Nfse>
	</CompNfse>
</ConsultarNfseRpsResposta>
